epoch,time,train/box_loss,train/cls_loss,train/dfl_loss,metrics/precision(B),metrics/recall(B),metrics/mAP50(B),metrics/mAP50-95(B),val/box_loss,val/cls_loss,val/dfl_loss,lr/pg0,lr/pg1,lr/pg2
1,1.93855,2.69346,4.37499,1.64637,0.02181,0.53333,0.05836,0.02032,2.71747,3.6685,1.67351,0,0,0
2,2.57918,2.63532,4.43642,1.89611,0.02118,0.53333,0.06777,0.02313,2.80193,3.6671,1.74525,6.99863e-06,6.99863e-06,6.99863e-06
3,2.9824,2.6399,4.38128,1.90925,0.02261,0.53333,0.06737,0.0211,2.84269,3.66609,1.77543,1.37145e-05,1.37145e-05,1.37145e-05
4,3.23052,2.61465,4.31571,1.80821,0.02242,0.53333,0.05118,0.0155,2.85533,3.67192,1.77783,2.01477e-05,2.01477e-05,2.01477e-05
5,3.46176,2.61598,4.35399,1.85734,0.01209,0.33333,0.02592,0.01053,2.92463,3.69655,1.86592,2.6298e-05,2.6298e-05,2.6298e-05
6,3.69979,2.28574,4.44761,1.64424,0.01129,0.33333,0.04786,0.02082,2.92406,3.68498,1.85919,3.21657e-05,3.21657e-05,3.21657e-05
7,3.93755,2.52149,4.38851,1.75948,0.00835,0.26667,0.02494,0.01132,2.91225,3.67615,1.84188,3.77506e-05,3.77506e-05,3.77506e-05
8,4.19967,2.54944,4.39486,1.7075,0.01303,0.33333,0.05741,0.01159,2.79379,3.59592,1.72121,4.30528e-05,4.30528e-05,4.30528e-05
9,4.54421,2.50797,4.33459,1.67973,0.02388,0.6,0.06344,0.01359,2.6928,3.59427,1.70205,4.80722e-05,4.80722e-05,4.80722e-05
10,4.88652,2.3046,4.35436,1.52228,0.01543,0.4,0.05871,0.01297,2.64963,3.58597,1.64349,5.28089e-05,5.28089e-05,5.28089e-05
11,5.22272,2.35351,4.331,1.55722,0.01645,0.4,0.04502,0.01283,2.42923,3.56848,1.46414,5.72628e-05,5.72628e-05,5.72628e-05
12,5.57722,2.20362,4.26986,1.4514,0.01554,0.4,0.06328,0.02041,2.35764,3.58432,1.46806,6.1434e-05,6.1434e-05,6.1434e-05
13,6.21936,2.12924,4.25801,1.47526,0.01838,0.6,0.10141,0.03495,2.24973,3.58305,1.38187,6.53224e-05,6.53224e-05,6.53224e-05
14,6.6407,1.91265,4.16738,1.35433,0.01843,0.6,0.15044,0.06051,2.09472,3.6456,1.30433,6.89281e-05,6.89281e-05,6.89281e-05
15,7.05075,1.92115,4.19003,1.40816,0.01683,0.53333,0.16783,0.09252,1.99698,3.6365,1.25831,7.22511e-05,7.22511e-05,7.22511e-05
16,7.43162,1.90262,3.98886,1.43402,0.01342,0.33333,0.1632,0.09819,2.01058,3.6018,1.24155,7.52913e-05,7.52913e-05,7.52913e-05
17,7.80124,1.84134,4.03875,1.32342,0.01342,0.33333,0.1632,0.09819,2.01058,3.6018,1.24155,7.80488e-05,7.80488e-05,7.80488e-05
18,8.21052,1.80561,4.00893,1.23925,0.01726,0.53333,0.13457,0.08673,1.81893,3.59713,1.17197,8.05235e-05,8.05235e-05,8.05235e-05
19,8.56884,1.80305,3.97795,1.29554,0.01726,0.53333,0.13457,0.08673,1.81893,3.59713,1.17197,8.27155e-05,8.27155e-05,8.27155e-05
20,8.92248,1.81328,3.94381,1.41743,0.01729,0.53333,0.14626,0.10211,1.65803,3.57939,1.11739,8.46247e-05,8.46247e-05,8.46247e-05
21,9.27559,1.77441,4.06044,1.26438,0.01729,0.53333,0.14626,0.10211,1.65803,3.57939,1.11739,8.62512e-05,8.62512e-05,8.62512e-05
22,9.66401,1.69995,3.88021,1.235,0.02383,0.73333,0.17919,0.1289,1.56324,3.57288,1.11369,8.75949e-05,8.75949e-05,8.75949e-05
23,10.0108,1.76125,3.80257,1.29859,0.02383,0.73333,0.17919,0.1289,1.56324,3.57288,1.11369,8.8656e-05,8.8656e-05,8.8656e-05
24,10.3632,1.71232,3.78738,1.30019,0.02315,0.73333,0.29224,0.19499,1.5001,3.58398,1.11669,8.94342e-05,8.94342e-05,8.94342e-05
25,10.6997,1.74868,3.66428,1.27508,0.02315,0.73333,0.29224,0.19499,1.5001,3.58398,1.11669,8.99297e-05,8.99297e-05,8.99297e-05
26,11.0415,1.68398,3.6985,1.19762,0.02403,0.73333,0.30195,0.20096,1.45431,3.59703,1.12056,9.01425e-05,9.01425e-05,9.01425e-05
27,11.3777,1.78061,3.65397,1.25602,0.02403,0.73333,0.30195,0.20096,1.45431,3.59703,1.12056,9.00725e-05,9.00725e-05,9.00725e-05
28,11.7121,1.68077,3.67858,1.21476,0.02368,0.73333,0.3307,0.26295,1.46445,3.59134,1.1375,8.97198e-05,8.97198e-05,8.97198e-05
29,12.0537,1.72263,3.43397,1.20352,0.02368,0.73333,0.3307,0.26295,1.46445,3.59134,1.1375,8.90844e-05,8.90844e-05,8.90844e-05
30,12.4997,1.65301,3.5121,1.16569,0.02446,0.73333,0.38008,0.30857,1.4678,3.59144,1.13881,8.81661e-05,8.81661e-05,8.81661e-05
31,12.8358,1.73995,3.43899,1.15908,0.02446,0.73333,0.38008,0.30857,1.4678,3.59144,1.13881,8.69652e-05,8.69652e-05,8.69652e-05
32,13.1722,1.64608,3.46883,1.13468,0.02541,0.73333,0.38025,0.31116,1.48949,3.58348,1.15165,8.54815e-05,8.54815e-05,8.54815e-05
33,13.4952,1.72449,3.36452,1.18415,0.02541,0.73333,0.38025,0.31116,1.48949,3.58348,1.15165,8.37151e-05,8.37151e-05,8.37151e-05
34,13.8351,1.74062,3.40925,1.16828,0.02461,0.73333,0.38016,0.28873,1.45602,3.57687,1.12745,8.16659e-05,8.16659e-05,8.16659e-05
35,14.2183,1.63676,3.22985,1.14886,0.02461,0.73333,0.38016,0.28873,1.45602,3.57687,1.12745,7.9334e-05,7.9334e-05,7.9334e-05
36,14.5847,1.70681,3.20696,1.26508,0.02087,0.53333,0.41167,0.28817,1.47196,3.59903,1.1174,7.67193e-05,7.67193e-05,7.67193e-05
37,14.8936,1.62794,3.14586,1.26029,0.02087,0.53333,0.41167,0.28817,1.47196,3.59903,1.1174,7.38219e-05,7.38219e-05,7.38219e-05
38,15.2468,1.79329,3.06042,1.23953,0.02105,0.53333,0.51117,0.34483,1.46034,3.6236,1.09883,7.06417e-05,7.06417e-05,7.06417e-05
39,15.6212,1.63263,3.09673,1.24674,0.02105,0.53333,0.51117,0.34483,1.46034,3.6236,1.09883,6.71788e-05,6.71788e-05,6.71788e-05
40,15.9622,1.86104,3.03653,1.20635,0.02443,0.73333,0.51759,0.34548,1.45028,3.64922,1.09507,6.34332e-05,6.34332e-05,6.34332e-05
41,18.6917,1.74343,2.93948,1.28127,0.02443,0.73333,0.51759,0.34548,1.45028,3.64922,1.09507,5.94048e-05,5.94048e-05,5.94048e-05
42,19.1672,1.62056,3.0176,1.24061,0.02441,0.73333,0.5178,0.34815,1.39846,3.59552,1.05896,5.50937e-05,5.50937e-05,5.50937e-05
43,19.521,1.59804,2.96996,1.21515,0.02441,0.73333,0.5178,0.34815,1.39846,3.59552,1.05896,5.04998e-05,5.04998e-05,5.04998e-05
44,19.8795,1.65825,2.87358,1.19961,0.02427,0.73333,0.51803,0.32837,1.38397,3.57206,1.05472,4.56232e-05,4.56232e-05,4.56232e-05
45,20.2061,1.6384,2.85896,1.20448,0.02427,0.73333,0.51803,0.32837,1.38397,3.57206,1.05472,4.04638e-05,4.04638e-05,4.04638e-05
46,20.5593,1.62268,3.07192,1.23861,0.02392,0.73333,0.51946,0.34207,1.39195,3.56646,1.05409,3.50217e-05,3.50217e-05,3.50217e-05
47,20.997,1.6263,2.88384,1.27554,0.02392,0.73333,0.51946,0.34207,1.39195,3.56646,1.05409,2.92968e-05,2.92968e-05,2.92968e-05
48,21.3278,1.64777,2.86614,1.2674,0.02392,0.73333,0.51946,0.34207,1.39195,3.56646,1.05409,2.32893e-05,2.32893e-05,2.32893e-05
49,21.6603,1.62592,2.86822,1.20302,0.02449,0.73333,0.52119,0.34195,1.39784,3.56877,1.0592,1.69989e-05,1.69989e-05,1.69989e-05
50,21.9766,1.70967,2.82019,1.21751,0.02449,0.73333,0.52119,0.34195,1.39784,3.56877,1.0592,1.04258e-05,1.04258e-05,1.04258e-05
