rank,title,author,price
1,나의 완벽한 장례식,조현선 저,17100
2,진보를 위한 주식투자,이광수 저,19800
3,박곰희 연금 부자 수업,박곰희 저,18900
4,괴테는 모든 것을 말했다,스즈키 유이 저/이지수 역,15300
5,ETS 토익 정기시험 기출문제집 1000 Vol. 5 RC,ETS 저,19800
6,ETS 토익 정기시험 기출문제집 1000 Vol. 5 LC,ETS 저,19800
7,죽은 왕녀를 위한 파반느 (양장 특별판),박민규 저,18000
8,자몽살구클럽,한로로 저,10800
9,"2026 큰별쌤 최태성의 별별한국사 한국사능력검정시험 심화(1,2,3급) 상",최태성 저,17100
10,너를 아끼며 살아라,나태주 저,16650
11,모순,양귀자 저,11700
12,돈의 방정식,모건 하우절 저/박영준 역,25200
13,자본주의 시대에서 살아남기 위한 최소한의 경제 공부,백억남(김욱현) 저,25200
14,"1,000만 원으로 3년 안에 300만 원 월배당 만들기",인생업(임승현) 저,20700
15,위버멘쉬,프리드리히 니체 저,16020
16,엄마가 유령이 되었어!,노부미 글그림/이기웅 역,10800
17,안녕이라 그랬어,김애란 저,15120
18,"2026 큰별쌤 최태성의 별별한국사 한국사능력검정시험 심화(1,2,3급) 하",최태성 저,16650
19,최소한의 삼국지,최태성 저/이성원 감수,17550
20,싯다르타,헤르만 헤세 저/박병덕 역,7200
21,2026 심우철 실전 동형 모의고사 Season 2,심우철 저,13500
22,사이토 히토리의 어떻게 살 것인가,사이토 히토리 저/황미숙 역,11700
23,돈의 심리학 (50만 부 기념 뉴 에디션),모건 하우절 저/이지연 역,22320
24,더블 클릭,알간지 저,17100
25,사카모토 데이즈 25 더블특전판,스즈키 유우토 글그림,5850
26,부처님 말씀대로 살아보니,토니 페르난도 저/강정선 역,17010
27,캔들차트 하나로 끝내는 추세추종 투자,성승현 저,22500
28,코스피 1만 넥스트 레벨,박시동 저,19800
29,혼모노,성해나 저,16200
30,해커스 토익 기출 VOCA (보카),David Cho 저,11610
31,나의 첫 월배당 ETF,김정란 저,19800
32,이해찬 회고록,이해찬 저,20700
33,설민석의 한국사 대모험 36,"설민석, 남이담 글/정현희 그림/강석화 감수",14400
34,코스모스,칼 에드워드 세이건 저/홍승수 역,19800
35,향기로운 꽃은 늠름하게 핀다 18 더블특전판,미카미 사카 글그림,5400
36,운명을 보는 기술,박성준 저,16920
37,교사를 지키는 단단한 학급경영,이종혁 저,16200
38,어른의 행복은 조용하다,태수 저,16020
39,2026 써니 행정법총론 실전동형 모의고사,박준철 편저,14400
40,"2026 큰별쌤 최태성의 별별한국사 기출 500제 한국사능력검정시험 심화(1,2,3급)",최태성 저,19800
41,주식투자 무작정 따라하기,윤재수 저,22500
42,절창 切創,구병모 저,16200
43,아주 작은 습관의 힘 (50만 부 기념 스페셜 에디션),제임스 클리어 저/이한이 역,16200
44,2026 문동균 한국사 국가직 대비 실전 봉투 모의고사,문동균 편저,11700
45,2026 심우철 실전 동형 모의고사 Season 1,심우철 저,13500
46,내가 돈을 벌고 있다는 착각,commonD 저,17820
47,최소한의 한국사,최태성 저,16200
48,내 심장을 쏴라,정유정 저,16200
49,2026 선재국어 결승선 봉투 모의고사,이선재 편저,25200
50,2026 문동균 한국사 문단속 적중 최종병기 FINAL 모의고사,문동균 편저,14400
51,내 친구는 왜 그럴까?,최현주 글/이화경 그림,15120
52,급류,정대건 저,12600
53,김재우의 기본 동사 100,김재우 저,19800
54,다크 심리학,다크 사이드 프로젝트 저,19710
55,해커스 일본어 첫걸음 : 일본어 기초 20일 독학 완성!,해커스 일본어연구소 저,12510
56,SQL 자격검정 실전문제,한국데이터진흥원 저,17460
57,렛뎀 이론,멜 로빈스 저/윤효원 역,18000
58,니체의 초월자,프리드리히 니체 저/김철 편역,15210
59,ETS 토익 단기공략 750+ (LC+RC),ETS 저,17550
60,프로젝트 헤일메리 (영화 특별판),앤디 위어 저/강동혁 역,19800
61,여덟 단어,박웅현 저,15300
62,데일 카네기 인간관계론 (50만부 돌파 초판 무삭제 완역본),데일 카네기 저/임상훈 역,10350
63,브람스를 좋아하세요...,프랑수아즈 사강 저/김남주 역,9000
64,긴긴밤,루리 글그림,11250
65,블루 아카이브 공식 4컷 청춘? 일상! 블루 아카이브 특별판,돈미니 저/블루 아카이브 원저,47700
66,2026 문동균 한국사 D-30 문단속 모의고사,문동균 편저,14400
67,인생을 위한 최소한의 생각,"신영준, 고영성 저",17820
68,"오늘 밤, 세계에서 이 사랑이 사라진다 해도",이치조 미사키 저/권영주 역,12600
69,이게 되네? 제미나이 완전 미친 활용법 81제,오힘찬 저,21600
70,세이노의 가르침,세이노(SayNo) 저,6480
71,단다단 19,타츠 유키노부 글그림,5400
72,우리는 언제나 다시 만나,윤여림 글/안녕달 그림,10800
73,데미안,헤르만 헤세 저/전영애 역,7200
74,체인소 맨 22,후지모토 타츠키 글그림,5400
75,이기적 유전자 The Selfish Gene,"리처드 도킨스 저/홍영남, 이상임 역",18000
76,2026 황철곤 행정학 실전동형 모의고사 SEASON 1,황철곤 저,14400
77,떠난 것은 돌아오지 않는다,줄리언 반스 저/정영목 역,16200
78,신뢰 게임,"현순엽, 김진국, 박정식 저",22000
79,너를 미워할 시간에 나를 사랑하기로 했다,윤서진 저,16920
80,세종의 나라 1,김진명 저,19800
81,나쁜 일이 있어도 나쁜 날은 아니야,정문정 글/피도크 그림/천근아 감수,15120
82,부의 인문학 (20만부 기념 개정증보판),브라운스톤(우석) 저,15300
83,인간 실격,다자이 오사무 저,8100
84,의사 어벤저스 25,고희정 글/조승연 그림/류정민 감수,14220
85,Again! 뒤집어본 영문법,오성호 저,13410
86,할매,황석영 저,15120
87,원피스 ONE PIECE 113,오다 에이이치로 글그림,5850
88,돈의 속성 400쇄 리커버,김승호 저,16020
89,쇼펜하우어 인생수업 (30만 부 기념 개정증보판),쇼펜하우어 저 / 김지민 역,15750
90,소년이 온다,한강 저,13500
91,Go Go 카카오프렌즈 39 칠레,김미영 글/김정한 그림,15210
92,나는 소망한다 내게 금지된 것을,양귀자 저,13500
93,2026 심승아 Simple·Detail 소방학개론 심봉사 심승아 봉투 모의고사,심승아 저,8100
94,ETF 투자의 모든 것,문일호 저,18900
95,편안함의 습격,마이클 이스터 저/김원진 역,19800
96,일본 광고 카피 도감,오하림 저,16920
97,세종의 나라 2,김진명 저,19800
98,최상위권의 생기부,"정성민, 김혜린, 임혁기 저",40500
99,어른의 품격을 채우는 100일 필사 노트,김종원 저,18000
100,흔한남매 21,흔한남매 원저/백난도 글/유난희 그림/흔한컴퍼니 감수,15120
101,해커스 보카 Hackers Vocabulary,David Cho 저,15210
102,은애하는 도적님아 대본집 세트,이선 저,47700
103,해커스 일본어 첫걸음 히라가나 가타카나 쓰기노트,해커스 일본어연구소 저,7200
104,데일리 필로소피,"라이언 홀리데이, 스티븐 핸슬먼 저/장원철 역",16200
105,쾌적한 사회의 불쾌함,구마시로 도루 저/이정미 역,18900
106,2026 이유진 국어 백일기도 모의고사 [結(결) 적중],이유진 편저,30600
107,달러 자산 1억으로 평생 월급 완성하라 (2026 투자 전략 특별판),채부심(채상욱) 저,18900
108,행복할 거야 이래도 되나 싶을 정도로,일홍 저,16200
109,기적의 초등 신문 2026,"강버들, 민경원, 이유정, 채윤경, 임소연 글",17820
110,2026 선재국어 출발선 봉투 모의고사,이선재 편저,25200
111,부모는 가장 좋은 입시 멘토다,박성오 저,16920
112,1984,조지 오웰 저/정회성 역,9900
113,2026 유휘운 행정법총론 실전동형 모의고사,유휘운 편저,9900
114,절대수익 우량주 매매법,성경호 저,35100
115,규칙파괴자,데이비드 가드너 저/김태훈 역,22500
116,하루 한 장 나의 어휘력을 위한 필사 노트,유선경 저,21420
117,스킵과 로퍼 11 더블 특전판,타카마츠 미사키 글그림/신혜선 역,5400
118,ETS 토익기출 파트별 VOCA 보카,ETS 저,11700
119,어른의 그릇,조윤제 저,17100
120,이방인,알베르 까뮈 저/김화영 역,9000
121,2026 이유진 국어 백일기도 모의고사 [承(승)_시간단축],이유진 편저,25200
122,정답은 있다,이정효 저,16200
123,뇌는 어떻게 나를 조종하는가,크리스 나이바우어 저/김윤종 역,16920
124,새들이 전하는 짧은 철학,"필리프 J. 뒤부아, 엘리즈 루소 저/박효은 역",15300
125,2026 이유진 국어 백일기도 모의고사 [轉(전) 극한훈련],이유진 편저,25200
126,눈과 돌멩이,"위수정, 김혜진, 성혜령, 이민진, 정이현 저 외 1명
                                        
정보 더 보기/감추기



위수정
김혜진
성혜령
이민진
정이현
함윤이",16200
127,어머니의 집밥을 먹을 수 있는 횟수는 328번 남았습니다,우와노 소라 저/박춘상 역,15120
128,"반짝반짝 1학년, 학교는 널 기다려!",전영신 글/근홍 그림,13050
129,손자병법,손자 저/소준섭 역,11700
130,김재우의 기초 영어회화 100,김재우 저,17010
131,메이지의 영원한 삶을 위해,크리스토퍼 엣지 글/민지현 역,11700
132,존리의 부자되기 습관,존리 저,18000
133,해커스 토익 RC Reading(리딩) 기본서,David Cho 저,16920
134,비실비실 선생님 11,후쿠치 카미오 글그림,5400
135,초판본 데미안,헤르만 헤세 저/이순학 역,1980
136,AI 시대 십 대를 위한 논어,최태규 저,16920
137,총 균 쇠,재레드 다이아몬드 저/강주헌 역,26820
138,"두근두근 1학년, 우리는 널 사랑해!",전영신 글/근홍 그림,13050
139,몬스터 캠핑장,정주영 글/김현민 그림,12600
140,말뚝들,김홍 저,15120
141,어린이 같은 말 다른 뜻 사전,박세랑 글그림,16020
142,2026 위포트 공기업 NCS 통합기본서 (PSAT형+모듈형+피듈형+실전 모의고사),위포트 연구소 저,24300
143,기분이 태도가 되지 않게 (헬로키티 에디션),레몬심리 저/박영란 역,16200
144,불변의 법칙,모건 하우절 저/이수경 역,22500
145,오래된 세계의 농담,이다혜 저,16200
146,눈물을 마시는 새 세트,이영도 저,59400
147,된다! 하루 만에 끝내는 제미나이 활용법,권서림 저,18000
148,데일 카네기 긍정태도론,데일 카네기 저/박선령 역,15210
149,명료함,탁민 오 저,17820
150,2026 문동균 한국사 한 권으로 모든 것을 정리하는 판서노트,문동균 편저,15300
